,Sampling1,Sampling2,Sampling3,Sampling4,Sampling5
M1,92.39665702346514,92.2655094824815,92.33108325297333,92.26550948248153,92.46201650058931
M2,97.38026358084217,97.38026358084217,97.38026358084217,97.31468981035036,97.44455159112825
M3,99.54162648666023,99.54162648666023,99.54162648666023,99.41069323904426,99.34511946855245
M4,85.51783992285438,85.51783992285438,85.51783992285438,85.51783992285438,84.73159755705562
M5,98.82031501125039,98.951462552234,98.82031501125039,98.88588878174221,98.68938176363442
